{"cameraMode":{"drawMode":0,"name":"Shaded","section":"Shading Mode"},"sceneLighting":false,"audioPlay":false,"sceneViewState":{"showFog":true,"showMaterialUpdate":false,"showSkybox":false,"showFlares":true,"showImageEffects":true,"showParticleSystems":true},"in2DMode":false,"pivot":{"x":-0.13812780380249024,"y":-0.39559876918792727,"z":4.283163070678711},"rotation":{"x":-0.03447682783007622,"y":0.03441160172224045,"z":-0.0013465768424794078,"w":-0.999041736125946},"size":5.9261794090271,"orthographic":false}